name,price,link
"Z-EDGE UG30 30"" Ultrawide 21:9 WFHD 2560x1080 200Hz 1ms Curved Gaming Monitor, FreeSync, HDR10, 2 x HDMI + DisplayPort + USB, with RGB Light, VESA Mountable, Built-in Speakers",199,https://www.newegg.com/Black-Z-EDGE-Gaming-Monitor-UG30-30/p/3D4-001R-00001?cm_sp=SB-_-2493285-_-2%7C3568%7C217666-_-18-_-9SIAT2ECNC3754-_-monitor-_--_-1&Item=9SIAT2ECNC3754
"Z-EDGE UG25I 24.5"" 1080P Full HD Gaming Monitor, 240Hz, 1ms (MPRT), 350cd/m², HDR10, FreeSync, Built-in Speakers",139,https://www.newegg.com/Black-Z-EDGE-Gaming-Monitor-UG25I-25/p/3D4-001R-00010?cm_sp=SB-_-2493285-_-2%7C3568%7C217666-_-18-_-9SIAT2EDSK8615-_-monitor-_--_-2&Item=9SIAT2EDSK8615
"Z-EDGE UG27P 27"" 1080P Curved Gaming Monitor, 240Hz, 1ms, 350cd/m², HDR10, FreeSync, 2 x HDMI 2.0, 2 x DisplayPort 1.2, Built-in Speakers, with RGB Breathing Light",179,https://www.newegg.com/Black-Z-EDGE-Gaming-Monitor-UG32P-27/p/3D4-004G-00012?cm_sp=SB-_-2493285-_-2%7C3568%7C217666-_-18-_-9SIAT2EGJR8733-_-monitor-_--_-3&Item=9SIAT2EGJR8733
"ASUS TUF Gaming 23.8"" 1080P Monitor (VG249Q1R) - Full HD, IPS, 165Hz (Supports 144Hz), 1ms, Extreme Low Motion Blur, Speaker, FreeSync Premium, Shadow Boost, VESA Mountable, DisplayPort, HDMI",99,https://www.newegg.com/black-asus-tuf-gaming-vg249q1r-24/p/N82E16824281256
"CRUA 30"" Curved Gaming Monitor, 100Hz Ultrawide Computer Monitor, WFHD(2560*1080P)VA Screen,21:9,1500R,99%sRGB, PC Monitors Support FreeSync, With HDMI/DP, Support Wall Mount- Black",139,https://www.newegg.com/p/3D4-007M-00021?Item=9SIBSK6K744759&cm_sp=SP-_-2530774-_-0-_-2-_-9SIBSK6K744759-_-monitor-_-monitor-_-2
"ASRock PHANTOM GAMING 27"" FHD (1920 x 1080) 165Hz/1ms (144Hz and higher) FreeSync Gaming Monitor, 2 * DisplayPort, 1 * HDMI (PG27FF1A)",99,https://www.newegg.com/p/N82E16824028002
"KTC 24 Inch 1080P Full HD Computer Monitor, 100Hz Gaming Office Monitor with HDR10, Freesync, HDMI & VGA Ports, VESA Wall Mountable,Tilt Adjustable,Eye Care,Frameless Ergonomic Design, H24V13",84,https://www.newegg.com/p/3D4-007C-00016?Item=9SIBK6TK2P5796&cm_sp=SP-_-2287531-_-0-_-0-_-9SIBK6TK2P5796-_-monitor-_-monitor-_-4
"MSI G27CQ4 E2, 27"" 1500R Curved Gaming Monitor, 2560x1440 (WQHD), VA, 170Hz, 1ms, FreeSync Premium (AMD Adaptive Sync), HDMI, DisplayPort, Height Adjustable",149,https://www.newegg.com/p/N82E16824475294
"Acer Nitro 34"" 21:9 Curved UWQHD (3440 x 1440) Monitor, Adaptive-Sync Support (FreeSync Compatible), 100Hz Refresh Rate, 1ms (VRB), AdobeRGB 90%, VESA Mounting Compliant - EDA343CUR Hbmiippx",199,https://www.newegg.com/p/N82E16824011505
"ReHisk 15.6"" inch Portable Monitor IPS panel FHD 1080P HDR gaming monitor for laptop with HDMI USB-C Gaming Monitors Eye Care Computer Second External Monitor dual speakers black for PC Phone PS4 Xbox",74,https://www.newegg.com/15-6-rehisk-re15-6-rn/p/3D4-0076-00004
"ASUS 24"" (23.8"" Viewable) VZ249QG1R Full HD, IPS, 75Hz, 1ms, Extreme Low Motion Blur, Speakers, FreeSync, Eye Care, VESA Mountable, Ultra-slim, DisplayPort, HDMI, Tilt Monitor",74,https://www.newegg.com/asus-vz249qg1r-23-8-full-hd/p/N82E16824281147
"KTC 24 Inch Gaming Monitor 165Hz Full HD 1920 x 1080 Fast IPS, 1ms 144Hz HDR Computer Monitor, HDMI DisplayPort FreeSync G-Sync, Tilt VESA Compatible Eye Care Zero-Frame 23.8 FHD 1080P Black, H24T09P",109,https://www.newegg.com/p/3D4-007C-00012?Item=9SIBK6TJYR5230&cm_sp=SP-_-2287551-_-0-_-0-_-9SIBK6TJYR5230-_-monitor-_-monitor-_-9
"Acer Nitro VG271U M3bmiipx 27"" WQHD (2560 x 1440) IPS Monitor with AMD FreeSync Premium Technology, Up to 180Hz, Up to 0.5ms, DCI-P3 95% (1 x Display Port 1.2, 2 x HDMI 2.0 and 1 x Audio Out)",159,https://www.newegg.com/black-acer-nitro-vg271u-m3bmiipx-27/p/N82E16824011467
"Acer Nitro EDA270 X2biip 27"" 1500R Curved Full HD (1920 x 1080) Monitor with AMD FreeSync Premium Technology, 240Hz Refresh Rate, 1ms VRB, HDR 10 (Display Port 1.4 & 2 x HDMI 2.0 Ports)",149,https://www.newegg.com/p/N82E16824011504
"CRUA 27"" 180Hz/200Hz Curved Gaming Monitor, FHD 1080P VA Screen 1500R Computer Monitors, 1ms(GTG) with FreeSync, Low Motion Blur, DisplayPort, HDMI, Support Wall Mount Install- Black",129,https://www.newegg.com/p/3D4-007M-00022?Item=9SIBSK6K7M7993&cm_sp=SP-_-2530802-_-0-_-2-_-9SIBSK6K7M7993-_-monitor-_-monitor-_-12
"Z-EDGE UG30 30"" Ultrawide 21:9 WFHD 2560x1080 200Hz 1ms Curved Gaming Monitor, FreeSync, HDR10, 2 x HDMI + DisplayPort + USB, with RGB Light, VESA Mountable, Built-in Speakers",199,https://www.newegg.com/black-z-edge-gaming-monitor-ug30-30/p/3D4-001R-00001?Item=9SIAT2ECNC3754&cm_sp=SV-_-1167948-_-0-_-2-_-9SIAT2ECNC3754-_-monitor-_-monitor-_-1
"Sealan 27inch Gaming Monitor 165Hz QHD(2560 x 1440p) 2K, 1ms, HDR10, DCI-P3 99% Color Gamut, Adaptive G-Sync, FreeSync Premium, HDMI, DisplayPort IPS Screen for Gaming Home Office",149,https://www.newegg.com/black-sealan-z270b-27/p/3D4-0082-00002
"CRUA 24 Inch 200hz Curved Gaming Monitor, FHD 1080P 3000R Frameless Computer Monitors, Support AMD freesync Low Motion Blur, Eye Care, DisplayPort, HDMI, Compatible Wall Mountable Installs-Black",99,https://www.newegg.com/p/3D4-007M-00024?Item=9SIBSK6K810560&cm_sp=SP-_-2533068-_-0-_-6-_-9SIBSK6K810560-_-monitor-_-monitor-_-14
"MSI 32"" (31.5"" Viewable) 250Hz (OC) VA FHD Gaming Monitor 1920 x 1080 81% Adobe RGB / 78% DCI-P3 /101% sRGB MAG 32C6X",189,https://www.newegg.com/p/N82E16824475396
"Samsung 27"" ViewFinity S8 (S80D) 4K UHD HDR10 High Resolution Monitor with Ergonomic Stand - LS27D802EANXGO",299,https://www.newegg.com/samsung-ls27d802eanxgo-27-uhd/p/N82E16824027323
"CRUA 27 Inch Gaming Monitor, QHD 1440P 144Hz IPS Computer Monitor, 1ms, 99% sRGB, AMD Freesync, HDMI 2.0 & Displayport 1.4, Low Blue Light, Support Wall Mountable Installs/Tilt Adjustable-Black",159,https://www.newegg.com/p/3D4-007M-00026?Item=9SIBSK6K8D7665&cm_sp=SP-_-2582539-_-0-_-1-_-9SIBSK6K8D7665-_-monitor-_-monitor-_-17
"Acer AOPEN 27CV1 Hbi 27-inch Professional Full HD (1920x1080) Gaming and for Work Monitor with AMD FreeSync Technology, Up to 100Hz Refresh Rate, 1ms(VRB), ZeroFrame, Low Blue Light (1xHDMI 1.4 & VGA)",84,https://www.newegg.com/aopen-27cv1-hbi-27-fhd/p/N82E16824174053
"Asus OLED XG27AQDMG Gaming Monitor - 27-Inch1440p Glossy WOLED Panel, 240 Hz, 0.03 Ms, Custom Heatsink, Anti-Flicker, G-SYNC® Compatible, 99% DCI-P3,OLED Anti-Flicker/OLED Care, Displaywidget Center",699,https://www.newegg.com/p/N82E16824281313
Refurbished Z-EDGE 24 inch 1080P 180Hz 1ms Curved Gaming Monitor,79,https://www.newegg.com/p/3D4-004G-00030?Item=9SIAT2EK452067&cm_sp=SP-_-1320423-_-0-_-2-_-9SIAT2EK452067-_-monitor-_-monitor-_-20
"GIGABYTE - GS32QC - 32"" VA Curved Gaming Monitor - QHD 2560x1440 - 165Hz/OC 170Hz - 1ms MPRT - AMD FreeSync Premium - HDMI, DP - Black",209,https://www.newegg.com/black-gigabyte-gs32qc-31-5/p/N82E16824012068
"SAMSUNG 24"" 165 Hz (Max) VA FHD Gaming Monitor FreeSync Premium (AMD Adaptive Sync) 1920 x 1080 72% NTSC HDMI, DisplayPort, Audio Odyssey G32A LS24AG320NNXZA",129,https://www.newegg.com/samsung-ls24ag320nnxza-24/p/N82E16824027107
"CRUA 34Inch Ultrawide Gaming Monitor, WQHD(3440*1440P)144Hz/165Hz Curved Monitor,1500R, 99% sRGB, Computer Monitor That Support AMD Freesync, HDMI 2.1 & Displayport 1.4,Wall Mountable Installs-Black",219,https://www.newegg.com/p/3D4-007M-00025?Item=9SIBSK6K874923&cm_sp=SP-_-2597550-_-0-_-6-_-9SIBSK6K874923-_-monitor-_-monitor-_-23
"MSI 24"" 180 Hz VA FHD Gaming Monitor 1920 x 1080 85% Adobe RGB / 81% DCI-P3 / 108% sRGB G2422C",119,https://www.newegg.com/p/N82E16824475332
"LG 27"" (26.5"" Viewable) 240 Hz OLED QHD Gaming Monitor FreeSync Premium Pro & G-Sync Compatible 2560 x 1440 (2K) DCI-P3 98.5% (CIE1976) UltraGear 27GS95QE-B",899,https://www.newegg.com/p/N82E16824026405
"Acer 27"" 170 Hz VA QHD gaming monitor FreeSync Premium (AMD Adaptive Sync) 2560 x 1440 (2K) 72% NTSC ED270U P2bmiipx",149,https://www.newegg.com/p/N82E16824011453
"GIGABYTE - G34WQC Advanced - 34"" VA Curved Gaming Monitor - WQHD 3440x1440 - 144Hz - 1ms MPRT - AMD FreeSync Premium - HDMI, DP - Height Adjustable - Black",319,https://www.newegg.com/p/N82E16824012046
"ASRock Phantom PG27Q15R2A 27"" QHD 2560 x 1440 (2K) 165 Hz (144Hz and higher) Wi-Fi Antenna FreeSync Premium (AMD Adaptive Sync) Built-in Speakers Curved Gaming Monitor",173,https://www.newegg.com/p/N82E16824028005
"AOC C27G2Z 27"" Curved Frameless Ultra-Fast Gaming Monitor, FHD 1080p, 0.5ms 240Hz, FreeSync, HDMI/DP/VGA, Height Adjustable, 3-Year Zero Dead Pixel Guarantee, Black, Xbox PS5 Switch",179,https://www.newegg.com/p/0JC-0016-00345
"CRUA 30"" Curved Gaming Monitor, 100Hz Ultrawide Computer Monitor, WFHD(2560*1080P)VA Screen,21:9,1500R,99%sRGB, PC Monitors Support FreeSync, With HDMI/DP, Support Wall Mount- Black",139,https://www.newegg.com/p/3D4-007M-00021
"KTC 32 Inch FHD 1080P Curved Gaming Monitor, 165Hz 1ms 122% sRGB with HDR, FreeSync Premium, HDMI 2.0x2, DisplayPort 1.4, VESA Compatible, Tilt Adjustable, Eye Care, H32S17C",174,https://www.newegg.com/p/3D4-007C-00018
"ASUS 27"" 170Hz WQHD (2560 x 1440) Gaming Monitor 1ms Freesync Premium™– Overclock to Extreme Low Motion Blur™, Shadow Boost, HDR, DisplayWidget Lite TUF Gaming VG27AQA1A (above 144Hz)",169,https://www.newegg.com/p/N82E16824281243
"MSI 32"" (31.5"" Viewable) 170 Hz VA QHD Gaming Monitor FreeSync Premium (AMD Adaptive Sync) 2560 x 1440 (2K) 91% DCI-P3 / 114.8% sRGB G32CQ4 E2",209,https://www.newegg.com/p/N82E16824475287
"BenQ EW3270U 32"" (Actual size 31.5"") 3840 x 2160 4K Resolution 4ms HDMI, DisplayPort, USB Type-C Built-in Speakers Flicker-Free FreeSync HDR LED Backlit Gaming Monitor",299,https://www.newegg.com/benq-ew3270u-32-uhd/p/N82E16824014484
"AOC Q27G3XMN 27"" Mini LED Gaming Monitor, 2K QHD 2560x1440, 180Hz 1ms, 2X HDMI 2.0, 2X Display Port, Height Adjustable, Xbox/PS5/Switch Ready, 3-Year Zero-Bright-dot",279,https://www.newegg.com/p/N82E16824160516
"ASRock Phantom PG27F15RS1A 27"" FHD 1920 x 1080 240 Hz (144Hz and higher) Adaptive Sync Built-in Speakers Curved Gaming Monitor",148,https://www.newegg.com/p/N82E16824028006
"Samsung 32"" Odyssey G55C QHD 165Hz Curved Gaming Monitor, 1ms(MPRT), AMD FreeSync, 1xDisplayPort 1.2, 1xHDMI 2.0, Stand Adjustments, LS32CG552ENXZA",349,https://www.newegg.com/p/N82E16824027312
"LG 34"" 240 Hz OLED WQHD Gaming Monitor FreeSync Premium Pro & G-Sync Compatible 3440 x 1440 (2K) DCI-P3 98.5% (CIE1976) HDMI, DisplayPort, USB, Audio UltraGear 34GS95QE-B",799,https://www.newegg.com/p/N82E16824026406
ReHisk 15.6 inch IPS Portable Monitor 1080P Computer monitor HDR laptop monitor extender for PC Phone Xbox PS4 Switch with USB-C HDMI Smart Cover Built-in Speaker Second screen,81,https://www.newegg.com/rehisk-re-15-6sc-15-6-fhd/p/0JC-00VN-00002
"KTC 24 Inch 1080P Full HD Computer Monitor, 100Hz Gaming Office Monitor with HDR10, Freesync, HDMI & VGA Ports, VESA Wall Mountable,Tilt Adjustable,Eye Care,Frameless Ergonomic Design, H24V13",84,https://www.newegg.com/p/3D4-007C-00016
Refurbished BenQ MOBIUZ EX3410R 34'' VA 3440 x 1440 Ultrawide Curved Monitor 144Hz 1ms HDMI DisplayPort 1 Year BenQ Direct Warranty,285,https://www.newegg.com/p/3D4-0012-00020
"ReHisk 24"" 165Hz computer monitor FHD 1080P VA panel VESA 100*100mm fast 1ms FreeSync Compatible G-sync gaming monitors Compatible with HDMI Eye Care Ultra Low-Blue Light",96,https://www.newegg.com/black-rehisk-computer-monitor-e3-24165-24/p/3D4-0076-00015
"GIGABYTE - G27FC Advanced - 27"" VA Curved Gaming Monitor - FHD 1920x1080 - 165Hz/OC 170Hz - 1ms MPRT - AMD FreeSync Premium - HDMI, DP, USB-A - Height Adjustable - Black",154,https://www.newegg.com/p/N82E16824012037
"ASUS ROG Swift OLED PG42UQ Gaming Monitor - 41.5"" 4K, OLED, 138Hz (Overclocked), 0.1 ms (GTG), G-SYNC Compatible, Custom Heatsink, 98% DCI-P3, True 10-bit, HDMI 2.1, DisplayPort 1.4",999,https://www.newegg.com/p/N82E16824281223
